               epoch,      train/box_loss,      train/obj_loss,      train/cls_loss,   metrics/precision,      metrics/recall,     metrics/mAP_0.5,metrics/mAP_0.5:0.95,        val/box_loss,        val/obj_loss,        val/cls_loss,               x/lr0,               x/lr1,               x/lr2
                   0,            0.064252,            0.043494,           0.0063451,             0.88308,             0.19481,             0.21345,            0.084409,            0.057374,            0.038804,           0.0033625,            0.070062,           0.0033264,           0.0033264
                   1,            0.047193,            0.037925,           0.0034926,             0.96827,             0.26713,             0.29675,             0.13887,            0.042007,            0.035158,           0.0031168,            0.040009,           0.0066065,           0.0066065
                   2,            0.043719,             0.03627,           0.0031745,             0.97551,             0.27622,              0.3003,             0.13817,            0.041472,             0.03492,           0.0031491,           0.0099022,           0.0098332,           0.0098332
                   3,             0.04005,            0.035466,           0.0028928,             0.97982,             0.28409,             0.30517,             0.15115,            0.037209,            0.034703,           0.0032588,             0.00976,             0.00976,             0.00976
